{
  "sentiment": {
    "negative": 0.0023407102562487125,
    "neutral": 0.018144499510526657,
    "positive": 0.9795148372650146
  },
  "keywords": [
    { "score": 8.5, "word": "denture looking new" },
    { "score": 4.5, "word": "denture cleaner" },
    { "score": 4.0, "word": "ever used" },
    { "score": 1.0, "word": "stain" },
    { "score": 1.0, "word": "remove" },
    { "score": 1.0, "word": "keep" },
    { "score": 1.0, "word": "best" }
  ],
  "reviews": [
    {
      "rating": "5.0 out of 5 stars",
      "star": 5.0,
      "body": "Great Product , Value for Money,  Original product,  great quality.",
      "fullDate": "Reviewed in India on 27 January 2024",
      "date": "27 January 2024"
    },
    {
      "rating": "4.0 out of 5 stars",
      "star": 4.0,
      "body": "Good quality",
      "fullDate": "Reviewed in India on 8 February 2024",
      "date": "8 February 2024"
    },
    {
      "rating": "5.0 out of 5 stars",
      "star": 5.0,
      "body": "Very very nice Toothpaste Le sakte ho",
      "fullDate": "Reviewed in India on 13 February 2024",
      "date": "13 February 2024"
    },
    {
      "rating": "5.0 out of 5 stars",
      "star": 5.0,
      "body": "Worth the value I bought it for @281 pack of 4×200g and 2nd time @546 for 8×200gToothpaste is no doubt best but the packaging is ordenary it should be improved and sometime the price gets high otherwise happy with the product 😊😊",
      "fullDate": "Reviewed in India on 1 February 2024",
      "date": "1 February 2024"
    },
    {
      "rating": "5.0 out of 5 stars",
      "star": 5.0,
      "body": "This is very good paste.",
      "fullDate": "Reviewed in India on 13 February 2024",
      "date": "13 February 2024"
    },
    {
      "rating": "4.0 out of 5 stars",
      "star": 4.0,
      "body": "Good 👍",
      "fullDate": "Reviewed in India on 13 February 2024",
      "date": "13 February 2024"
    },
    {
      "rating": "3.0 out of 5 stars",
      "star": 3.0,
      "body": "Product quality is very good at good price of 277",
      "fullDate": "Reviewed in India on 22 January 2024",
      "date": "22 January 2024"
    },
    {
      "rating": "5.0 out of 5 stars",
      "star": 5.0,
      "body": "1) Effect on teeth: It claims to solve many teeth problems, maybe there is effect but I didnt notice any.2) Sensitivity: Maybe not great for sensitive teeth. But not too bad.3) Taste: Tastes like some ayurvedic recipe. Not bad.4) Ingredients: Has many natural ingredients and minimal chemicals compared to other pastes.5) Price: The 3+1 combos are so much cheaper than the single ones. There are 100g, 150g, 200g variants in 3+1 combos, so check whichever you can afford and whichever is on biggger discount.Overall: Holygrail toothpaste. Would repurchase till I find a better cheaper alternative.",
      "fullDate": "Reviewed in India on 15 November 2023",
      "date": "15 November 2023"
    },
    {
      "rating": "4.0 out of 5 stars",
      "star": 4.0,
      "body": "Nice Indian product world's very reasonablly with very reasonable rate",
      "fullDate": "Reviewed in India on 17 February 2024",
      "date": "17 February 2024"
    },
    {
      "rating": "4.0 out of 5 stars",
      "star": 4.0,
      "body": "Good",
      "fullDate": "Reviewed in India on 29 January 2024",
      "date": "29 January 2024"
    }
  ],
  "sva": {
    "now 1-H": [
      {
        "date": "2024-02-20 17:27:00",
        "score": 0
      },
      {
        "date": "2024-02-20 17:28:00",
        "score": 0
      },
      {
        "date": "2024-02-20 17:29:00",
        "score": 0
      },
      {
        "date": "2024-02-20 17:30:00",
        "score": 0
      },
      {
        "date": "2024-02-20 17:31:00",
        "score": 53
      },
      {
        "date": "2024-02-20 17:32:00",
        "score": 0
      },
      {
        "date": "2024-02-20 17:33:00",
        "score": 0
      },
      {
        "date": "2024-02-20 17:34:00",
        "score": 0
      },
      {
        "date": "2024-02-20 17:35:00",
        "score": 0
      },
      {
        "date": "2024-02-20 17:36:00",
        "score": 0
      },
      {
        "date": "2024-02-20 17:37:00",
        "score": 0
      },
      {
        "date": "2024-02-20 17:38:00",
        "score": 0
      },
      {
        "date": "2024-02-20 17:39:00",
        "score": 0
      },
      {
        "date": "2024-02-20 17:40:00",
        "score": 0
      },
      {
        "date": "2024-02-20 17:41:00",
        "score": 0
      },
      {
        "date": "2024-02-20 17:42:00",
        "score": 0
      },
      {
        "date": "2024-02-20 17:43:00",
        "score": 0
      },
      {
        "date": "2024-02-20 17:44:00",
        "score": 33
      },
      {
        "date": "2024-02-20 17:45:00",
        "score": 0
      },
      {
        "date": "2024-02-20 17:46:00",
        "score": 0
      },
      {
        "date": "2024-02-20 17:47:00",
        "score": 0
      },
      {
        "date": "2024-02-20 17:48:00",
        "score": 0
      },
      {
        "date": "2024-02-20 17:49:00",
        "score": 0
      },
      {
        "date": "2024-02-20 17:50:00",
        "score": 0
      },
      {
        "date": "2024-02-20 17:51:00",
        "score": 0
      },
      {
        "date": "2024-02-20 17:52:00",
        "score": 0
      },
      {
        "date": "2024-02-20 17:53:00",
        "score": 0
      },
      {
        "date": "2024-02-20 17:54:00",
        "score": 0
      },
      {
        "date": "2024-02-20 17:55:00",
        "score": 74
      },
      {
        "date": "2024-02-20 17:56:00",
        "score": 0
      },
      {
        "date": "2024-02-20 17:57:00",
        "score": 0
      },
      {
        "date": "2024-02-20 17:58:00",
        "score": 0
      },
      {
        "date": "2024-02-20 17:59:00",
        "score": 0
      },
      {
        "date": "2024-02-20 18:00:00",
        "score": 60
      },
      {
        "date": "2024-02-20 18:01:00",
        "score": 0
      },
      {
        "date": "2024-02-20 18:02:00",
        "score": 0
      },
      {
        "date": "2024-02-20 18:03:00",
        "score": 31
      },
      {
        "date": "2024-02-20 18:04:00",
        "score": 0
      },
      {
        "date": "2024-02-20 18:05:00",
        "score": 0
      },
      {
        "date": "2024-02-20 18:06:00",
        "score": 0
      },
      {
        "date": "2024-02-20 18:07:00",
        "score": 0
      },
      {
        "date": "2024-02-20 18:08:00",
        "score": 0
      },
      {
        "date": "2024-02-20 18:09:00",
        "score": 0
      },
      {
        "date": "2024-02-20 18:10:00",
        "score": 0
      },
      {
        "date": "2024-02-20 18:11:00",
        "score": 0
      },
      {
        "date": "2024-02-20 18:12:00",
        "score": 0
      },
      {
        "date": "2024-02-20 18:13:00",
        "score": 0
      },
      {
        "date": "2024-02-20 18:14:00",
        "score": 0
      },
      {
        "date": "2024-02-20 18:15:00",
        "score": 33
      },
      {
        "date": "2024-02-20 18:16:00",
        "score": 0
      },
      {
        "date": "2024-02-20 18:17:00",
        "score": 100
      },
      {
        "date": "2024-02-20 18:18:00",
        "score": 0
      },
      {
        "date": "2024-02-20 18:19:00",
        "score": 35
      },
      {
        "date": "2024-02-20 18:20:00",
        "score": 0
      },
      {
        "date": "2024-02-20 18:21:00",
        "score": 91
      },
      {
        "date": "2024-02-20 18:22:00",
        "score": 0
      },
      {
        "date": "2024-02-20 18:23:00",
        "score": 0
      }
    ],
    "now 1-d": [
      {
        "date": "2024-02-19 18:32:00",
        "score": 0
      },
      {
        "date": "2024-02-19 18:40:00",
        "score": 0
      },
      {
        "date": "2024-02-19 18:48:00",
        "score": 0
      },
      {
        "date": "2024-02-19 18:56:00",
        "score": 0
      },
      {
        "date": "2024-02-19 19:04:00",
        "score": 0
      },
      {
        "date": "2024-02-19 19:12:00",
        "score": 0
      },
      {
        "date": "2024-02-19 19:20:00",
        "score": 0
      },
      {
        "date": "2024-02-19 19:28:00",
        "score": 29
      },
      {
        "date": "2024-02-19 19:36:00",
        "score": 0
      },
      {
        "date": "2024-02-19 19:44:00",
        "score": 0
      },
      {
        "date": "2024-02-19 19:52:00",
        "score": 0
      },
      {
        "date": "2024-02-19 20:00:00",
        "score": 0
      },
      {
        "date": "2024-02-19 20:08:00",
        "score": 25
      },
      {
        "date": "2024-02-19 20:16:00",
        "score": 32
      },
      {
        "date": "2024-02-19 20:24:00",
        "score": 0
      },
      {
        "date": "2024-02-19 20:32:00",
        "score": 0
      },
      {
        "date": "2024-02-19 20:40:00",
        "score": 0
      },
      {
        "date": "2024-02-19 20:48:00",
        "score": 79
      },
      {
        "date": "2024-02-19 20:56:00",
        "score": 0
      },
      {
        "date": "2024-02-19 21:04:00",
        "score": 0
      },
      {
        "date": "2024-02-19 21:12:00",
        "score": 0
      },
      {
        "date": "2024-02-19 21:20:00",
        "score": 0
      },
      {
        "date": "2024-02-19 21:28:00",
        "score": 0
      },
      {
        "date": "2024-02-19 21:36:00",
        "score": 0
      },
      {
        "date": "2024-02-19 21:44:00",
        "score": 0
      },
      {
        "date": "2024-02-19 21:52:00",
        "score": 0
      },
      {
        "date": "2024-02-19 22:00:00",
        "score": 0
      },
      {
        "date": "2024-02-19 22:08:00",
        "score": 0
      },
      {
        "date": "2024-02-19 22:16:00",
        "score": 0
      },
      {
        "date": "2024-02-19 22:24:00",
        "score": 0
      },
      {
        "date": "2024-02-19 22:32:00",
        "score": 0
      },
      {
        "date": "2024-02-19 22:40:00",
        "score": 0
      },
      {
        "date": "2024-02-19 22:48:00",
        "score": 0
      },
      {
        "date": "2024-02-19 22:56:00",
        "score": 0
      },
      {
        "date": "2024-02-19 23:04:00",
        "score": 68
      },
      {
        "date": "2024-02-19 23:12:00",
        "score": 0
      },
      {
        "date": "2024-02-19 23:20:00",
        "score": 0
      },
      {
        "date": "2024-02-19 23:28:00",
        "score": 0
      },
      {
        "date": "2024-02-19 23:36:00",
        "score": 100
      },
      {
        "date": "2024-02-19 23:44:00",
        "score": 0
      },
      {
        "date": "2024-02-19 23:52:00",
        "score": 0
      },
      {
        "date": "2024-02-20 00:00:00",
        "score": 0
      },
      {
        "date": "2024-02-20 00:08:00",
        "score": 0
      },
      {
        "date": "2024-02-20 00:16:00",
        "score": 0
      },
      {
        "date": "2024-02-20 00:24:00",
        "score": 20
      },
      {
        "date": "2024-02-20 00:32:00",
        "score": 77
      },
      {
        "date": "2024-02-20 00:40:00",
        "score": 0
      },
      {
        "date": "2024-02-20 00:48:00",
        "score": 0
      },
      {
        "date": "2024-02-20 00:56:00",
        "score": 0
      },
      {
        "date": "2024-02-20 01:04:00",
        "score": 0
      },
      {
        "date": "2024-02-20 01:12:00",
        "score": 0
      },
      {
        "date": "2024-02-20 01:20:00",
        "score": 57
      },
      {
        "date": "2024-02-20 01:28:00",
        "score": 19
      },
      {
        "date": "2024-02-20 01:36:00",
        "score": 0
      },
      {
        "date": "2024-02-20 01:44:00",
        "score": 0
      },
      {
        "date": "2024-02-20 01:52:00",
        "score": 0
      },
      {
        "date": "2024-02-20 02:00:00",
        "score": 0
      },
      {
        "date": "2024-02-20 02:08:00",
        "score": 0
      },
      {
        "date": "2024-02-20 02:16:00",
        "score": 0
      },
      {
        "date": "2024-02-20 02:24:00",
        "score": 0
      },
      {
        "date": "2024-02-20 02:32:00",
        "score": 0
      },
      {
        "date": "2024-02-20 02:40:00",
        "score": 10
      },
      {
        "date": "2024-02-20 02:48:00",
        "score": 0
      },
      {
        "date": "2024-02-20 02:56:00",
        "score": 15
      },
      {
        "date": "2024-02-20 03:04:00",
        "score": 0
      },
      {
        "date": "2024-02-20 03:12:00",
        "score": 9
      },
      {
        "date": "2024-02-20 03:20:00",
        "score": 0
      },
      {
        "date": "2024-02-20 03:28:00",
        "score": 0
      },
      {
        "date": "2024-02-20 03:36:00",
        "score": 0
      },
      {
        "date": "2024-02-20 03:44:00",
        "score": 0
      },
      {
        "date": "2024-02-20 03:52:00",
        "score": 8
      },
      {
        "date": "2024-02-20 04:00:00",
        "score": 0
      },
      {
        "date": "2024-02-20 04:08:00",
        "score": 10
      },
      {
        "date": "2024-02-20 04:16:00",
        "score": 0
      },
      {
        "date": "2024-02-20 04:24:00",
        "score": 8
      },
      {
        "date": "2024-02-20 04:32:00",
        "score": 0
      },
      {
        "date": "2024-02-20 04:40:00",
        "score": 0
      },
      {
        "date": "2024-02-20 04:48:00",
        "score": 0
      },
      {
        "date": "2024-02-20 04:56:00",
        "score": 4
      },
      {
        "date": "2024-02-20 05:04:00",
        "score": 4
      },
      {
        "date": "2024-02-20 05:12:00",
        "score": 0
      },
      {
        "date": "2024-02-20 05:20:00",
        "score": 0
      },
      {
        "date": "2024-02-20 05:28:00",
        "score": 4
      },
      {
        "date": "2024-02-20 05:36:00",
        "score": 0
      },
      {
        "date": "2024-02-20 05:44:00",
        "score": 4
      },
      {
        "date": "2024-02-20 05:52:00",
        "score": 0
      },
      {
        "date": "2024-02-20 06:00:00",
        "score": 0
      },
      {
        "date": "2024-02-20 06:08:00",
        "score": 8
      },
      {
        "date": "2024-02-20 06:16:00",
        "score": 0
      },
      {
        "date": "2024-02-20 06:24:00",
        "score": 0
      },
      {
        "date": "2024-02-20 06:32:00",
        "score": 4
      },
      {
        "date": "2024-02-20 06:40:00",
        "score": 4
      },
      {
        "date": "2024-02-20 06:48:00",
        "score": 0
      },
      {
        "date": "2024-02-20 06:56:00",
        "score": 0
      },
      {
        "date": "2024-02-20 07:04:00",
        "score": 0
      },
      {
        "date": "2024-02-20 07:12:00",
        "score": 9
      },
      {
        "date": "2024-02-20 07:20:00",
        "score": 0
      },
      {
        "date": "2024-02-20 07:28:00",
        "score": 0
      },
      {
        "date": "2024-02-20 07:36:00",
        "score": 21
      },
      {
        "date": "2024-02-20 07:44:00",
        "score": 0
      },
      {
        "date": "2024-02-20 07:52:00",
        "score": 5
      },
      {
        "date": "2024-02-20 08:00:00",
        "score": 0
      },
      {
        "date": "2024-02-20 08:08:00",
        "score": 11
      },
      {
        "date": "2024-02-20 08:16:00",
        "score": 0
      },
      {
        "date": "2024-02-20 08:24:00",
        "score": 0
      },
      {
        "date": "2024-02-20 08:32:00",
        "score": 0
      },
      {
        "date": "2024-02-20 08:40:00",
        "score": 0
      },
      {
        "date": "2024-02-20 08:48:00",
        "score": 0
      },
      {
        "date": "2024-02-20 08:56:00",
        "score": 8
      },
      {
        "date": "2024-02-20 09:04:00",
        "score": 8
      },
      {
        "date": "2024-02-20 09:12:00",
        "score": 4
      },
      {
        "date": "2024-02-20 09:20:00",
        "score": 4
      },
      {
        "date": "2024-02-20 09:28:00",
        "score": 13
      },
      {
        "date": "2024-02-20 09:36:00",
        "score": 8
      },
      {
        "date": "2024-02-20 09:44:00",
        "score": 0
      },
      {
        "date": "2024-02-20 09:52:00",
        "score": 0
      },
      {
        "date": "2024-02-20 10:00:00",
        "score": 0
      },
      {
        "date": "2024-02-20 10:08:00",
        "score": 9
      },
      {
        "date": "2024-02-20 10:16:00",
        "score": 4
      },
      {
        "date": "2024-02-20 10:24:00",
        "score": 0
      },
      {
        "date": "2024-02-20 10:32:00",
        "score": 0
      },
      {
        "date": "2024-02-20 10:40:00",
        "score": 0
      },
      {
        "date": "2024-02-20 10:48:00",
        "score": 8
      },
      {
        "date": "2024-02-20 10:56:00",
        "score": 11
      },
      {
        "date": "2024-02-20 11:04:00",
        "score": 0
      },
      {
        "date": "2024-02-20 11:12:00",
        "score": 0
      },
      {
        "date": "2024-02-20 11:20:00",
        "score": 0
      },
      {
        "date": "2024-02-20 11:28:00",
        "score": 8
      },
      {
        "date": "2024-02-20 11:36:00",
        "score": 4
      },
      {
        "date": "2024-02-20 11:44:00",
        "score": 9
      },
      {
        "date": "2024-02-20 11:52:00",
        "score": 0
      },
      {
        "date": "2024-02-20 12:00:00",
        "score": 0
      },
      {
        "date": "2024-02-20 12:08:00",
        "score": 0
      },
      {
        "date": "2024-02-20 12:16:00",
        "score": 0
      },
      {
        "date": "2024-02-20 12:24:00",
        "score": 0
      },
      {
        "date": "2024-02-20 12:32:00",
        "score": 30
      },
      {
        "date": "2024-02-20 12:40:00",
        "score": 0
      },
      {
        "date": "2024-02-20 12:48:00",
        "score": 0
      },
      {
        "date": "2024-02-20 12:56:00",
        "score": 4
      },
      {
        "date": "2024-02-20 13:04:00",
        "score": 5
      },
      {
        "date": "2024-02-20 13:12:00",
        "score": 5
      },
      {
        "date": "2024-02-20 13:20:00",
        "score": 0
      },
      {
        "date": "2024-02-20 13:28:00",
        "score": 7
      },
      {
        "date": "2024-02-20 13:36:00",
        "score": 9
      },
      {
        "date": "2024-02-20 13:44:00",
        "score": 0
      },
      {
        "date": "2024-02-20 13:52:00",
        "score": 0
      },
      {
        "date": "2024-02-20 14:00:00",
        "score": 0
      },
      {
        "date": "2024-02-20 14:08:00",
        "score": 0
      },
      {
        "date": "2024-02-20 14:16:00",
        "score": 0
      },
      {
        "date": "2024-02-20 14:24:00",
        "score": 10
      },
      {
        "date": "2024-02-20 14:32:00",
        "score": 0
      },
      {
        "date": "2024-02-20 14:40:00",
        "score": 9
      },
      {
        "date": "2024-02-20 14:48:00",
        "score": 4
      },
      {
        "date": "2024-02-20 14:56:00",
        "score": 6
      },
      {
        "date": "2024-02-20 15:04:00",
        "score": 0
      },
      {
        "date": "2024-02-20 15:12:00",
        "score": 0
      },
      {
        "date": "2024-02-20 15:20:00",
        "score": 0
      },
      {
        "date": "2024-02-20 15:28:00",
        "score": 0
      },
      {
        "date": "2024-02-20 15:36:00",
        "score": 0
      },
      {
        "date": "2024-02-20 15:44:00",
        "score": 0
      },
      {
        "date": "2024-02-20 15:52:00",
        "score": 14
      },
      {
        "date": "2024-02-20 16:00:00",
        "score": 4
      },
      {
        "date": "2024-02-20 16:08:00",
        "score": 0
      },
      {
        "date": "2024-02-20 16:16:00",
        "score": 0
      },
      {
        "date": "2024-02-20 16:24:00",
        "score": 0
      },
      {
        "date": "2024-02-20 16:32:00",
        "score": 0
      },
      {
        "date": "2024-02-20 16:40:00",
        "score": 0
      },
      {
        "date": "2024-02-20 16:48:00",
        "score": 0
      },
      {
        "date": "2024-02-20 16:56:00",
        "score": 0
      },
      {
        "date": "2024-02-20 17:04:00",
        "score": 4
      },
      {
        "date": "2024-02-20 17:12:00",
        "score": 0
      },
      {
        "date": "2024-02-20 17:20:00",
        "score": 0
      },
      {
        "date": "2024-02-20 17:28:00",
        "score": 0
      },
      {
        "date": "2024-02-20 17:36:00",
        "score": 0
      },
      {
        "date": "2024-02-20 17:44:00",
        "score": 0
      },
      {
        "date": "2024-02-20 17:52:00",
        "score": 0
      },
      {
        "date": "2024-02-20 18:00:00",
        "score": 0
      },
      {
        "date": "2024-02-20 18:08:00",
        "score": 0
      },
      {
        "date": "2024-02-20 18:16:00",
        "score": 7
      }
    ],
    "now 4-H": [
      {
        "date": "2024-02-20 14:27:00",
        "score": 0
      },
      {
        "date": "2024-02-20 14:28:00",
        "score": 40
      },
      {
        "date": "2024-02-20 14:29:00",
        "score": 0
      },
      {
        "date": "2024-02-20 14:30:00",
        "score": 0
      },
      {
        "date": "2024-02-20 14:31:00",
        "score": 0
      },
      {
        "date": "2024-02-20 14:32:00",
        "score": 0
      },
      {
        "date": "2024-02-20 14:33:00",
        "score": 29
      },
      {
        "date": "2024-02-20 14:34:00",
        "score": 0
      },
      {
        "date": "2024-02-20 14:35:00",
        "score": 0
      },
      {
        "date": "2024-02-20 14:36:00",
        "score": 0
      },
      {
        "date": "2024-02-20 14:37:00",
        "score": 0
      },
      {
        "date": "2024-02-20 14:38:00",
        "score": 0
      },
      {
        "date": "2024-02-20 14:39:00",
        "score": 0
      },
      {
        "date": "2024-02-20 14:40:00",
        "score": 29
      },
      {
        "date": "2024-02-20 14:41:00",
        "score": 0
      },
      {
        "date": "2024-02-20 14:42:00",
        "score": 0
      },
      {
        "date": "2024-02-20 14:43:00",
        "score": 0
      },
      {
        "date": "2024-02-20 14:44:00",
        "score": 0
      },
      {
        "date": "2024-02-20 14:45:00",
        "score": 0
      },
      {
        "date": "2024-02-20 14:46:00",
        "score": 0
      },
      {
        "date": "2024-02-20 14:47:00",
        "score": 56
      },
      {
        "date": "2024-02-20 14:48:00",
        "score": 0
      },
      {
        "date": "2024-02-20 14:49:00",
        "score": 0
      },
      {
        "date": "2024-02-20 14:50:00",
        "score": 0
      },
      {
        "date": "2024-02-20 14:51:00",
        "score": 48
      },
      {
        "date": "2024-02-20 14:52:00",
        "score": 0
      },
      {
        "date": "2024-02-20 14:53:00",
        "score": 0
      },
      {
        "date": "2024-02-20 14:54:00",
        "score": 0
      },
      {
        "date": "2024-02-20 14:55:00",
        "score": 0
      },
      {
        "date": "2024-02-20 14:56:00",
        "score": 69
      },
      {
        "date": "2024-02-20 14:57:00",
        "score": 0
      },
      {
        "date": "2024-02-20 14:58:00",
        "score": 0
      },
      {
        "date": "2024-02-20 14:59:00",
        "score": 0
      },
      {
        "date": "2024-02-20 15:00:00",
        "score": 0
      },
      {
        "date": "2024-02-20 15:01:00",
        "score": 0
      },
      {
        "date": "2024-02-20 15:02:00",
        "score": 0
      },
      {
        "date": "2024-02-20 15:03:00",
        "score": 0
      },
      {
        "date": "2024-02-20 15:04:00",
        "score": 0
      },
      {
        "date": "2024-02-20 15:05:00",
        "score": 0
      },
      {
        "date": "2024-02-20 15:06:00",
        "score": 47
      },
      {
        "date": "2024-02-20 15:07:00",
        "score": 0
      },
      {
        "date": "2024-02-20 15:08:00",
        "score": 0
      },
      {
        "date": "2024-02-20 15:09:00",
        "score": 0
      },
      {
        "date": "2024-02-20 15:10:00",
        "score": 0
      },
      {
        "date": "2024-02-20 15:11:00",
        "score": 0
      },
      {
        "date": "2024-02-20 15:12:00",
        "score": 0
      },
      {
        "date": "2024-02-20 15:13:00",
        "score": 0
      },
      {
        "date": "2024-02-20 15:14:00",
        "score": 0
      },
      {
        "date": "2024-02-20 15:15:00",
        "score": 0
      },
      {
        "date": "2024-02-20 15:16:00",
        "score": 0
      },
      {
        "date": "2024-02-20 15:17:00",
        "score": 0
      },
      {
        "date": "2024-02-20 15:18:00",
        "score": 0
      },
      {
        "date": "2024-02-20 15:19:00",
        "score": 0
      },
      {
        "date": "2024-02-20 15:20:00",
        "score": 52
      },
      {
        "date": "2024-02-20 15:21:00",
        "score": 0
      },
      {
        "date": "2024-02-20 15:22:00",
        "score": 0
      },
      {
        "date": "2024-02-20 15:23:00",
        "score": 0
      },
      {
        "date": "2024-02-20 15:24:00",
        "score": 0
      },
      {
        "date": "2024-02-20 15:25:00",
        "score": 0
      },
      {
        "date": "2024-02-20 15:26:00",
        "score": 35
      },
      {
        "date": "2024-02-20 15:27:00",
        "score": 0
      },
      {
        "date": "2024-02-20 15:28:00",
        "score": 0
      },
      {
        "date": "2024-02-20 15:29:00",
        "score": 28
      },
      {
        "date": "2024-02-20 15:30:00",
        "score": 0
      },
      {
        "date": "2024-02-20 15:31:00",
        "score": 0
      },
      {
        "date": "2024-02-20 15:32:00",
        "score": 0
      },
      {
        "date": "2024-02-20 15:33:00",
        "score": 0
      },
      {
        "date": "2024-02-20 15:34:00",
        "score": 0
      },
      {
        "date": "2024-02-20 15:35:00",
        "score": 0
      },
      {
        "date": "2024-02-20 15:36:00",
        "score": 0
      },
      {
        "date": "2024-02-20 15:37:00",
        "score": 0
      },
      {
        "date": "2024-02-20 15:38:00",
        "score": 0
      },
      {
        "date": "2024-02-20 15:39:00",
        "score": 0
      },
      {
        "date": "2024-02-20 15:40:00",
        "score": 0
      },
      {
        "date": "2024-02-20 15:41:00",
        "score": 0
      },
      {
        "date": "2024-02-20 15:42:00",
        "score": 21
      },
      {
        "date": "2024-02-20 15:43:00",
        "score": 0
      },
      {
        "date": "2024-02-20 15:44:00",
        "score": 25
      },
      {
        "date": "2024-02-20 15:45:00",
        "score": 0
      },
      {
        "date": "2024-02-20 15:46:00",
        "score": 0
      },
      {
        "date": "2024-02-20 15:47:00",
        "score": 0
      },
      {
        "date": "2024-02-20 15:48:00",
        "score": 0
      },
      {
        "date": "2024-02-20 15:49:00",
        "score": 0
      },
      {
        "date": "2024-02-20 15:50:00",
        "score": 0
      },
      {
        "date": "2024-02-20 15:51:00",
        "score": 0
      },
      {
        "date": "2024-02-20 15:52:00",
        "score": 0
      },
      {
        "date": "2024-02-20 15:53:00",
        "score": 29
      },
      {
        "date": "2024-02-20 15:54:00",
        "score": 41
      },
      {
        "date": "2024-02-20 15:55:00",
        "score": 0
      },
      {
        "date": "2024-02-20 15:56:00",
        "score": 0
      },
      {
        "date": "2024-02-20 15:57:00",
        "score": 39
      },
      {
        "date": "2024-02-20 15:58:00",
        "score": 0
      },
      {
        "date": "2024-02-20 15:59:00",
        "score": 0
      },
      {
        "date": "2024-02-20 16:00:00",
        "score": 0
      },
      {
        "date": "2024-02-20 16:01:00",
        "score": 0
      },
      {
        "date": "2024-02-20 16:02:00",
        "score": 84
      },
      {
        "date": "2024-02-20 16:03:00",
        "score": 0
      },
      {
        "date": "2024-02-20 16:04:00",
        "score": 26
      },
      {
        "date": "2024-02-20 16:05:00",
        "score": 84
      },
      {
        "date": "2024-02-20 16:06:00",
        "score": 0
      },
      {
        "date": "2024-02-20 16:07:00",
        "score": 0
      },
      {
        "date": "2024-02-20 16:08:00",
        "score": 0
      },
      {
        "date": "2024-02-20 16:09:00",
        "score": 0
      },
      {
        "date": "2024-02-20 16:10:00",
        "score": 0
      },
      {
        "date": "2024-02-20 16:11:00",
        "score": 0
      },
      {
        "date": "2024-02-20 16:12:00",
        "score": 0
      },
      {
        "date": "2024-02-20 16:13:00",
        "score": 0
      },
      {
        "date": "2024-02-20 16:14:00",
        "score": 0
      },
      {
        "date": "2024-02-20 16:15:00",
        "score": 0
      },
      {
        "date": "2024-02-20 16:16:00",
        "score": 66
      },
      {
        "date": "2024-02-20 16:17:00",
        "score": 0
      },
      {
        "date": "2024-02-20 16:18:00",
        "score": 0
      },
      {
        "date": "2024-02-20 16:19:00",
        "score": 0
      },
      {
        "date": "2024-02-20 16:20:00",
        "score": 0
      },
      {
        "date": "2024-02-20 16:21:00",
        "score": 0
      },
      {
        "date": "2024-02-20 16:22:00",
        "score": 0
      },
      {
        "date": "2024-02-20 16:23:00",
        "score": 0
      },
      {
        "date": "2024-02-20 16:24:00",
        "score": 0
      },
      {
        "date": "2024-02-20 16:25:00",
        "score": 28
      },
      {
        "date": "2024-02-20 16:26:00",
        "score": 0
      },
      {
        "date": "2024-02-20 16:27:00",
        "score": 0
      },
      {
        "date": "2024-02-20 16:28:00",
        "score": 0
      },
      {
        "date": "2024-02-20 16:29:00",
        "score": 0
      },
      {
        "date": "2024-02-20 16:30:00",
        "score": 23
      },
      {
        "date": "2024-02-20 16:31:00",
        "score": 0
      },
      {
        "date": "2024-02-20 16:32:00",
        "score": 0
      },
      {
        "date": "2024-02-20 16:33:00",
        "score": 0
      },
      {
        "date": "2024-02-20 16:34:00",
        "score": 0
      },
      {
        "date": "2024-02-20 16:35:00",
        "score": 29
      },
      {
        "date": "2024-02-20 16:36:00",
        "score": 0
      },
      {
        "date": "2024-02-20 16:37:00",
        "score": 41
      },
      {
        "date": "2024-02-20 16:38:00",
        "score": 0
      },
      {
        "date": "2024-02-20 16:39:00",
        "score": 0
      },
      {
        "date": "2024-02-20 16:40:00",
        "score": 28
      },
      {
        "date": "2024-02-20 16:41:00",
        "score": 0
      },
      {
        "date": "2024-02-20 16:42:00",
        "score": 48
      },
      {
        "date": "2024-02-20 16:43:00",
        "score": 24
      },
      {
        "date": "2024-02-20 16:44:00",
        "score": 0
      },
      {
        "date": "2024-02-20 16:45:00",
        "score": 0
      },
      {
        "date": "2024-02-20 16:46:00",
        "score": 0
      },
      {
        "date": "2024-02-20 16:47:00",
        "score": 0
      },
      {
        "date": "2024-02-20 16:48:00",
        "score": 0
      },
      {
        "date": "2024-02-20 16:49:00",
        "score": 0
      },
      {
        "date": "2024-02-20 16:50:00",
        "score": 0
      },
      {
        "date": "2024-02-20 16:51:00",
        "score": 0
      },
      {
        "date": "2024-02-20 16:52:00",
        "score": 0
      },
      {
        "date": "2024-02-20 16:53:00",
        "score": 0
      },
      {
        "date": "2024-02-20 16:54:00",
        "score": 0
      },
      {
        "date": "2024-02-20 16:55:00",
        "score": 0
      },
      {
        "date": "2024-02-20 16:56:00",
        "score": 0
      },
      {
        "date": "2024-02-20 16:57:00",
        "score": 0
      },
      {
        "date": "2024-02-20 16:58:00",
        "score": 0
      },
      {
        "date": "2024-02-20 16:59:00",
        "score": 0
      },
      {
        "date": "2024-02-20 17:00:00",
        "score": 0
      },
      {
        "date": "2024-02-20 17:01:00",
        "score": 0
      },
      {
        "date": "2024-02-20 17:02:00",
        "score": 0
      },
      {
        "date": "2024-02-20 17:03:00",
        "score": 0
      },
      {
        "date": "2024-02-20 17:04:00",
        "score": 0
      },
      {
        "date": "2024-02-20 17:05:00",
        "score": 0
      },
      {
        "date": "2024-02-20 17:06:00",
        "score": 50
      },
      {
        "date": "2024-02-20 17:07:00",
        "score": 0
      },
      {
        "date": "2024-02-20 17:08:00",
        "score": 0
      },
      {
        "date": "2024-02-20 17:09:00",
        "score": 0
      },
      {
        "date": "2024-02-20 17:10:00",
        "score": 0
      },
      {
        "date": "2024-02-20 17:11:00",
        "score": 25
      },
      {
        "date": "2024-02-20 17:12:00",
        "score": 0
      },
      {
        "date": "2024-02-20 17:13:00",
        "score": 64
      },
      {
        "date": "2024-02-20 17:14:00",
        "score": 0
      },
      {
        "date": "2024-02-20 17:15:00",
        "score": 0
      },
      {
        "date": "2024-02-20 17:16:00",
        "score": 0
      },
      {
        "date": "2024-02-20 17:17:00",
        "score": 0
      },
      {
        "date": "2024-02-20 17:18:00",
        "score": 27
      },
      {
        "date": "2024-02-20 17:19:00",
        "score": 0
      },
      {
        "date": "2024-02-20 17:20:00",
        "score": 0
      },
      {
        "date": "2024-02-20 17:21:00",
        "score": 0
      },
      {
        "date": "2024-02-20 17:22:00",
        "score": 0
      },
      {
        "date": "2024-02-20 17:23:00",
        "score": 0
      },
      {
        "date": "2024-02-20 17:24:00",
        "score": 0
      },
      {
        "date": "2024-02-20 17:25:00",
        "score": 0
      },
      {
        "date": "2024-02-20 17:26:00",
        "score": 0
      },
      {
        "date": "2024-02-20 17:27:00",
        "score": 0
      },
      {
        "date": "2024-02-20 17:28:00",
        "score": 0
      },
      {
        "date": "2024-02-20 17:29:00",
        "score": 0
      },
      {
        "date": "2024-02-20 17:30:00",
        "score": 30
      },
      {
        "date": "2024-02-20 17:31:00",
        "score": 53
      },
      {
        "date": "2024-02-20 17:32:00",
        "score": 0
      },
      {
        "date": "2024-02-20 17:33:00",
        "score": 0
      },
      {
        "date": "2024-02-20 17:34:00",
        "score": 56
      },
      {
        "date": "2024-02-20 17:35:00",
        "score": 0
      },
      {
        "date": "2024-02-20 17:36:00",
        "score": 0
      },
      {
        "date": "2024-02-20 17:37:00",
        "score": 0
      },
      {
        "date": "2024-02-20 17:38:00",
        "score": 0
      },
      {
        "date": "2024-02-20 17:39:00",
        "score": 0
      },
      {
        "date": "2024-02-20 17:40:00",
        "score": 0
      },
      {
        "date": "2024-02-20 17:41:00",
        "score": 0
      },
      {
        "date": "2024-02-20 17:42:00",
        "score": 0
      },
      {
        "date": "2024-02-20 17:43:00",
        "score": 0
      },
      {
        "date": "2024-02-20 17:44:00",
        "score": 33
      },
      {
        "date": "2024-02-20 17:45:00",
        "score": 0
      },
      {
        "date": "2024-02-20 17:46:00",
        "score": 0
      },
      {
        "date": "2024-02-20 17:47:00",
        "score": 0
      },
      {
        "date": "2024-02-20 17:48:00",
        "score": 30
      },
      {
        "date": "2024-02-20 17:49:00",
        "score": 0
      },
      {
        "date": "2024-02-20 17:50:00",
        "score": 0
      },
      {
        "date": "2024-02-20 17:51:00",
        "score": 0
      },
      {
        "date": "2024-02-20 17:52:00",
        "score": 0
      },
      {
        "date": "2024-02-20 17:53:00",
        "score": 35
      },
      {
        "date": "2024-02-20 17:54:00",
        "score": 0
      },
      {
        "date": "2024-02-20 17:55:00",
        "score": 74
      },
      {
        "date": "2024-02-20 17:56:00",
        "score": 0
      },
      {
        "date": "2024-02-20 17:57:00",
        "score": 32
      },
      {
        "date": "2024-02-20 17:58:00",
        "score": 0
      },
      {
        "date": "2024-02-20 17:59:00",
        "score": 0
      },
      {
        "date": "2024-02-20 18:00:00",
        "score": 60
      },
      {
        "date": "2024-02-20 18:01:00",
        "score": 52
      },
      {
        "date": "2024-02-20 18:02:00",
        "score": 54
      },
      {
        "date": "2024-02-20 18:03:00",
        "score": 31
      },
      {
        "date": "2024-02-20 18:04:00",
        "score": 0
      },
      {
        "date": "2024-02-20 18:05:00",
        "score": 36
      },
      {
        "date": "2024-02-20 18:06:00",
        "score": 0
      },
      {
        "date": "2024-02-20 18:07:00",
        "score": 0
      },
      {
        "date": "2024-02-20 18:08:00",
        "score": 0
      },
      {
        "date": "2024-02-20 18:09:00",
        "score": 0
      },
      {
        "date": "2024-02-20 18:10:00",
        "score": 0
      },
      {
        "date": "2024-02-20 18:11:00",
        "score": 41
      },
      {
        "date": "2024-02-20 18:12:00",
        "score": 0
      },
      {
        "date": "2024-02-20 18:13:00",
        "score": 0
      },
      {
        "date": "2024-02-20 18:14:00",
        "score": 0
      },
      {
        "date": "2024-02-20 18:15:00",
        "score": 33
      },
      {
        "date": "2024-02-20 18:16:00",
        "score": 47
      },
      {
        "date": "2024-02-20 18:17:00",
        "score": 100
      },
      {
        "date": "2024-02-20 18:18:00",
        "score": 0
      },
      {
        "date": "2024-02-20 18:19:00",
        "score": 35
      },
      {
        "date": "2024-02-20 18:20:00",
        "score": 0
      },
      {
        "date": "2024-02-20 18:21:00",
        "score": 91
      },
      {
        "date": "2024-02-20 18:22:00",
        "score": 0
      },
      {
        "date": "2024-02-20 18:23:00",
        "score": 0
      }
    ],
    "now 7-d": [
      {
        "date": "2024-02-13 19:00:00",
        "score": 0
      },
      {
        "date": "2024-02-13 20:00:00",
        "score": 0
      },
      {
        "date": "2024-02-13 21:00:00",
        "score": 0
      },
      {
        "date": "2024-02-13 22:00:00",
        "score": 100
      },
      {
        "date": "2024-02-13 23:00:00",
        "score": 0
      },
      {
        "date": "2024-02-14 00:00:00",
        "score": 0
      },
      {
        "date": "2024-02-14 01:00:00",
        "score": 0
      },
      {
        "date": "2024-02-14 02:00:00",
        "score": 0
      },
      {
        "date": "2024-02-14 03:00:00",
        "score": 3
      },
      {
        "date": "2024-02-14 04:00:00",
        "score": 0
      },
      {
        "date": "2024-02-14 05:00:00",
        "score": 2
      },
      {
        "date": "2024-02-14 06:00:00",
        "score": 3
      },
      {
        "date": "2024-02-14 07:00:00",
        "score": 3
      },
      {
        "date": "2024-02-14 08:00:00",
        "score": 3
      },
      {
        "date": "2024-02-14 09:00:00",
        "score": 0
      },
      {
        "date": "2024-02-14 10:00:00",
        "score": 5
      },
      {
        "date": "2024-02-14 11:00:00",
        "score": 5
      },
      {
        "date": "2024-02-14 12:00:00",
        "score": 3
      },
      {
        "date": "2024-02-14 13:00:00",
        "score": 5
      },
      {
        "date": "2024-02-14 14:00:00",
        "score": 2
      },
      {
        "date": "2024-02-14 15:00:00",
        "score": 7
      },
      {
        "date": "2024-02-14 16:00:00",
        "score": 2
      },
      {
        "date": "2024-02-14 17:00:00",
        "score": 4
      },
      {
        "date": "2024-02-14 18:00:00",
        "score": 0
      },
      {
        "date": "2024-02-14 19:00:00",
        "score": 5
      },
      {
        "date": "2024-02-14 20:00:00",
        "score": 0
      },
      {
        "date": "2024-02-14 21:00:00",
        "score": 0
      },
      {
        "date": "2024-02-14 22:00:00",
        "score": 19
      },
      {
        "date": "2024-02-14 23:00:00",
        "score": 0
      },
      {
        "date": "2024-02-15 00:00:00",
        "score": 0
      },
      {
        "date": "2024-02-15 01:00:00",
        "score": 0
      },
      {
        "date": "2024-02-15 02:00:00",
        "score": 15
      },
      {
        "date": "2024-02-15 03:00:00",
        "score": 6
      },
      {
        "date": "2024-02-15 04:00:00",
        "score": 10
      },
      {
        "date": "2024-02-15 05:00:00",
        "score": 8
      },
      {
        "date": "2024-02-15 06:00:00",
        "score": 2
      },
      {
        "date": "2024-02-15 07:00:00",
        "score": 0
      },
      {
        "date": "2024-02-15 08:00:00",
        "score": 7
      },
      {
        "date": "2024-02-15 09:00:00",
        "score": 4
      },
      {
        "date": "2024-02-15 10:00:00",
        "score": 2
      },
      {
        "date": "2024-02-15 11:00:00",
        "score": 3
      },
      {
        "date": "2024-02-15 12:00:00",
        "score": 2
      },
      {
        "date": "2024-02-15 13:00:00",
        "score": 4
      },
      {
        "date": "2024-02-15 14:00:00",
        "score": 5
      },
      {
        "date": "2024-02-15 15:00:00",
        "score": 2
      },
      {
        "date": "2024-02-15 16:00:00",
        "score": 0
      },
      {
        "date": "2024-02-15 17:00:00",
        "score": 0
      },
      {
        "date": "2024-02-15 18:00:00",
        "score": 4
      },
      {
        "date": "2024-02-15 19:00:00",
        "score": 0
      },
      {
        "date": "2024-02-15 20:00:00",
        "score": 0
      },
      {
        "date": "2024-02-15 21:00:00",
        "score": 0
      },
      {
        "date": "2024-02-15 22:00:00",
        "score": 30
      },
      {
        "date": "2024-02-15 23:00:00",
        "score": 18
      },
      {
        "date": "2024-02-16 00:00:00",
        "score": 23
      },
      {
        "date": "2024-02-16 01:00:00",
        "score": 15
      },
      {
        "date": "2024-02-16 02:00:00",
        "score": 10
      },
      {
        "date": "2024-02-16 03:00:00",
        "score": 5
      },
      {
        "date": "2024-02-16 04:00:00",
        "score": 4
      },
      {
        "date": "2024-02-16 05:00:00",
        "score": 6
      },
      {
        "date": "2024-02-16 06:00:00",
        "score": 0
      },
      {
        "date": "2024-02-16 07:00:00",
        "score": 2
      },
      {
        "date": "2024-02-16 08:00:00",
        "score": 2
      },
      {
        "date": "2024-02-16 09:00:00",
        "score": 2
      },
      {
        "date": "2024-02-16 10:00:00",
        "score": 2
      },
      {
        "date": "2024-02-16 11:00:00",
        "score": 3
      },
      {
        "date": "2024-02-16 12:00:00",
        "score": 2
      },
      {
        "date": "2024-02-16 13:00:00",
        "score": 0
      },
      {
        "date": "2024-02-16 14:00:00",
        "score": 0
      },
      {
        "date": "2024-02-16 15:00:00",
        "score": 4
      },
      {
        "date": "2024-02-16 16:00:00",
        "score": 3
      },
      {
        "date": "2024-02-16 17:00:00",
        "score": 4
      },
      {
        "date": "2024-02-16 18:00:00",
        "score": 0
      },
      {
        "date": "2024-02-16 19:00:00",
        "score": 0
      },
      {
        "date": "2024-02-16 20:00:00",
        "score": 0
      },
      {
        "date": "2024-02-16 21:00:00",
        "score": 0
      },
      {
        "date": "2024-02-16 22:00:00",
        "score": 27
      },
      {
        "date": "2024-02-16 23:00:00",
        "score": 0
      },
      {
        "date": "2024-02-17 00:00:00",
        "score": 0
      },
      {
        "date": "2024-02-17 01:00:00",
        "score": 0
      },
      {
        "date": "2024-02-17 02:00:00",
        "score": 5
      },
      {
        "date": "2024-02-17 03:00:00",
        "score": 11
      },
      {
        "date": "2024-02-17 04:00:00",
        "score": 0
      },
      {
        "date": "2024-02-17 05:00:00",
        "score": 5
      },
      {
        "date": "2024-02-17 06:00:00",
        "score": 0
      },
      {
        "date": "2024-02-17 07:00:00",
        "score": 2
      },
      {
        "date": "2024-02-17 08:00:00",
        "score": 3
      },
      {
        "date": "2024-02-17 09:00:00",
        "score": 4
      },
      {
        "date": "2024-02-17 10:00:00",
        "score": 3
      },
      {
        "date": "2024-02-17 11:00:00",
        "score": 6
      },
      {
        "date": "2024-02-17 12:00:00",
        "score": 4
      },
      {
        "date": "2024-02-17 13:00:00",
        "score": 2
      },
      {
        "date": "2024-02-17 14:00:00",
        "score": 3
      },
      {
        "date": "2024-02-17 15:00:00",
        "score": 4
      },
      {
        "date": "2024-02-17 16:00:00",
        "score": 0
      },
      {
        "date": "2024-02-17 17:00:00",
        "score": 0
      },
      {
        "date": "2024-02-17 18:00:00",
        "score": 0
      },
      {
        "date": "2024-02-17 19:00:00",
        "score": 11
      },
      {
        "date": "2024-02-17 20:00:00",
        "score": 0
      },
      {
        "date": "2024-02-17 21:00:00",
        "score": 0
      },
      {
        "date": "2024-02-17 22:00:00",
        "score": 0
      },
      {
        "date": "2024-02-17 23:00:00",
        "score": 14
      },
      {
        "date": "2024-02-18 00:00:00",
        "score": 0
      },
      {
        "date": "2024-02-18 01:00:00",
        "score": 12
      },
      {
        "date": "2024-02-18 02:00:00",
        "score": 5
      },
      {
        "date": "2024-02-18 03:00:00",
        "score": 0
      },
      {
        "date": "2024-02-18 04:00:00",
        "score": 3
      },
      {
        "date": "2024-02-18 05:00:00",
        "score": 0
      },
      {
        "date": "2024-02-18 06:00:00",
        "score": 3
      },
      {
        "date": "2024-02-18 07:00:00",
        "score": 2
      },
      {
        "date": "2024-02-18 08:00:00",
        "score": 7
      },
      {
        "date": "2024-02-18 09:00:00",
        "score": 5
      },
      {
        "date": "2024-02-18 10:00:00",
        "score": 2
      },
      {
        "date": "2024-02-18 11:00:00",
        "score": 0
      },
      {
        "date": "2024-02-18 12:00:00",
        "score": 4
      },
      {
        "date": "2024-02-18 13:00:00",
        "score": 6
      },
      {
        "date": "2024-02-18 14:00:00",
        "score": 2
      },
      {
        "date": "2024-02-18 15:00:00",
        "score": 5
      },
      {
        "date": "2024-02-18 16:00:00",
        "score": 5
      },
      {
        "date": "2024-02-18 17:00:00",
        "score": 13
      },
      {
        "date": "2024-02-18 18:00:00",
        "score": 3
      },
      {
        "date": "2024-02-18 19:00:00",
        "score": 0
      },
      {
        "date": "2024-02-18 20:00:00",
        "score": 0
      },
      {
        "date": "2024-02-18 21:00:00",
        "score": 0
      },
      {
        "date": "2024-02-18 22:00:00",
        "score": 0
      },
      {
        "date": "2024-02-18 23:00:00",
        "score": 41
      },
      {
        "date": "2024-02-19 00:00:00",
        "score": 0
      },
      {
        "date": "2024-02-19 01:00:00",
        "score": 0
      },
      {
        "date": "2024-02-19 02:00:00",
        "score": 0
      },
      {
        "date": "2024-02-19 03:00:00",
        "score": 5
      },
      {
        "date": "2024-02-19 04:00:00",
        "score": 2
      },
      {
        "date": "2024-02-19 05:00:00",
        "score": 6
      },
      {
        "date": "2024-02-19 06:00:00",
        "score": 0
      },
      {
        "date": "2024-02-19 07:00:00",
        "score": 3
      },
      {
        "date": "2024-02-19 08:00:00",
        "score": 9
      },
      {
        "date": "2024-02-19 09:00:00",
        "score": 4
      },
      {
        "date": "2024-02-19 10:00:00",
        "score": 0
      },
      {
        "date": "2024-02-19 11:00:00",
        "score": 2
      },
      {
        "date": "2024-02-19 12:00:00",
        "score": 6
      },
      {
        "date": "2024-02-19 13:00:00",
        "score": 2
      },
      {
        "date": "2024-02-19 14:00:00",
        "score": 9
      },
      {
        "date": "2024-02-19 15:00:00",
        "score": 0
      },
      {
        "date": "2024-02-19 16:00:00",
        "score": 0
      },
      {
        "date": "2024-02-19 17:00:00",
        "score": 4
      },
      {
        "date": "2024-02-19 18:00:00",
        "score": 0
      },
      {
        "date": "2024-02-19 19:00:00",
        "score": 0
      },
      {
        "date": "2024-02-19 20:00:00",
        "score": 0
      },
      {
        "date": "2024-02-19 21:00:00",
        "score": 0
      },
      {
        "date": "2024-02-19 22:00:00",
        "score": 0
      },
      {
        "date": "2024-02-19 23:00:00",
        "score": 27
      },
      {
        "date": "2024-02-20 00:00:00",
        "score": 0
      },
      {
        "date": "2024-02-20 01:00:00",
        "score": 0
      },
      {
        "date": "2024-02-20 02:00:00",
        "score": 0
      },
      {
        "date": "2024-02-20 03:00:00",
        "score": 4
      },
      {
        "date": "2024-02-20 04:00:00",
        "score": 0
      },
      {
        "date": "2024-02-20 05:00:00",
        "score": 2
      },
      {
        "date": "2024-02-20 06:00:00",
        "score": 2
      },
      {
        "date": "2024-02-20 07:00:00",
        "score": 6
      },
      {
        "date": "2024-02-20 08:00:00",
        "score": 3
      },
      {
        "date": "2024-02-20 09:00:00",
        "score": 3
      },
      {
        "date": "2024-02-20 10:00:00",
        "score": 3
      },
      {
        "date": "2024-02-20 11:00:00",
        "score": 4
      },
      {
        "date": "2024-02-20 12:00:00",
        "score": 4
      },
      {
        "date": "2024-02-20 13:00:00",
        "score": 2
      },
      {
        "date": "2024-02-20 14:00:00",
        "score": 4
      },
      {
        "date": "2024-02-20 15:00:00",
        "score": 2
      },
      {
        "date": "2024-02-20 16:00:00",
        "score": 0
      },
      {
        "date": "2024-02-20 17:00:00",
        "score": 0
      },
      {
        "date": "2024-02-20 18:00:00",
        "score": 0
      }
    ],
    "today 1-m": [
      {
        "date": "2024-01-20",
        "score": 0
      },
      {
        "date": "2024-01-21",
        "score": 47
      },
      {
        "date": "2024-01-22",
        "score": 0
      },
      {
        "date": "2024-01-23",
        "score": 0
      },
      {
        "date": "2024-01-24",
        "score": 0
      },
      {
        "date": "2024-01-25",
        "score": 44
      },
      {
        "date": "2024-01-26",
        "score": 0
      },
      {
        "date": "2024-01-27",
        "score": 0
      },
      {
        "date": "2024-01-28",
        "score": 49
      },
      {
        "date": "2024-01-29",
        "score": 0
      },
      {
        "date": "2024-01-30",
        "score": 0
      },
      {
        "date": "2024-01-31",
        "score": 0
      },
      {
        "date": "2024-02-01",
        "score": 0
      },
      {
        "date": "2024-02-02",
        "score": 0
      },
      {
        "date": "2024-02-03",
        "score": 98
      },
      {
        "date": "2024-02-04",
        "score": 0
      },
      {
        "date": "2024-02-05",
        "score": 100
      },
      {
        "date": "2024-02-06",
        "score": 0
      },
      {
        "date": "2024-02-07",
        "score": 44
      },
      {
        "date": "2024-02-08",
        "score": 0
      },
      {
        "date": "2024-02-09",
        "score": 0
      },
      {
        "date": "2024-02-10",
        "score": 54
      },
      {
        "date": "2024-02-11",
        "score": 0
      },
      {
        "date": "2024-02-12",
        "score": 0
      },
      {
        "date": "2024-02-13",
        "score": 0
      },
      {
        "date": "2024-02-14",
        "score": 0
      },
      {
        "date": "2024-02-15",
        "score": 0
      },
      {
        "date": "2024-02-16",
        "score": 73
      }
    ],
    "today 12-m": [
      {
        "date": "2023-02-26",
        "score": 36
      },
      {
        "date": "2023-03-05",
        "score": 31
      },
      {
        "date": "2023-03-12",
        "score": 34
      },
      {
        "date": "2023-03-19",
        "score": 33
      },
      {
        "date": "2023-03-26",
        "score": 42
      },
      {
        "date": "2023-04-02",
        "score": 61
      },
      {
        "date": "2023-04-09",
        "score": 37
      },
      {
        "date": "2023-04-16",
        "score": 44
      },
      {
        "date": "2023-04-23",
        "score": 56
      },
      {
        "date": "2023-04-30",
        "score": 29
      },
      {
        "date": "2023-05-07",
        "score": 42
      },
      {
        "date": "2023-05-14",
        "score": 38
      },
      {
        "date": "2023-05-21",
        "score": 26
      },
      {
        "date": "2023-05-28",
        "score": 46
      },
      {
        "date": "2023-06-04",
        "score": 45
      },
      {
        "date": "2023-06-11",
        "score": 61
      },
      {
        "date": "2023-06-18",
        "score": 59
      },
      {
        "date": "2023-06-25",
        "score": 59
      },
      {
        "date": "2023-07-02",
        "score": 48
      },
      {
        "date": "2023-07-09",
        "score": 25
      },
      {
        "date": "2023-07-16",
        "score": 54
      },
      {
        "date": "2023-07-23",
        "score": 63
      },
      {
        "date": "2023-07-30",
        "score": 42
      },
      {
        "date": "2023-08-06",
        "score": 17
      },
      {
        "date": "2023-08-13",
        "score": 38
      },
      {
        "date": "2023-08-20",
        "score": 40
      },
      {
        "date": "2023-08-27",
        "score": 26
      },
      {
        "date": "2023-09-03",
        "score": 59
      },
      {
        "date": "2023-09-10",
        "score": 37
      },
      {
        "date": "2023-09-17",
        "score": 74
      },
      {
        "date": "2023-09-24",
        "score": 57
      },
      {
        "date": "2023-10-01",
        "score": 59
      },
      {
        "date": "2023-10-08",
        "score": 63
      },
      {
        "date": "2023-10-15",
        "score": 31
      },
      {
        "date": "2023-10-22",
        "score": 49
      },
      {
        "date": "2023-10-29",
        "score": 43
      },
      {
        "date": "2023-11-05",
        "score": 61
      },
      {
        "date": "2023-11-12",
        "score": 74
      },
      {
        "date": "2023-11-19",
        "score": 73
      },
      {
        "date": "2023-11-26",
        "score": 74
      },
      {
        "date": "2023-12-03",
        "score": 34
      },
      {
        "date": "2023-12-10",
        "score": 66
      },
      {
        "date": "2023-12-17",
        "score": 82
      },
      {
        "date": "2023-12-24",
        "score": 100
      },
      {
        "date": "2023-12-31",
        "score": 85
      },
      {
        "date": "2024-01-07",
        "score": 48
      },
      {
        "date": "2024-01-14",
        "score": 29
      },
      {
        "date": "2024-01-21",
        "score": 62
      },
      {
        "date": "2024-01-28",
        "score": 50
      },
      {
        "date": "2024-02-04",
        "score": 49
      },
      {
        "date": "2024-02-11",
        "score": 44
      }
    ],
    "today 3-m": [
      {
        "date": "2023-11-20",
        "score": 62
      },
      {
        "date": "2023-11-21",
        "score": 88
      },
      {
        "date": "2023-11-22",
        "score": 46
      },
      {
        "date": "2023-11-23",
        "score": 67
      },
      {
        "date": "2023-11-24",
        "score": 0
      },
      {
        "date": "2023-11-25",
        "score": 0
      },
      {
        "date": "2023-11-26",
        "score": 25
      },
      {
        "date": "2023-11-27",
        "score": 0
      },
      {
        "date": "2023-11-28",
        "score": 0
      },
      {
        "date": "2023-11-29",
        "score": 60
      },
      {
        "date": "2023-11-30",
        "score": 77
      },
      {
        "date": "2023-12-01",
        "score": 0
      },
      {
        "date": "2023-12-02",
        "score": 31
      },
      {
        "date": "2023-12-03",
        "score": 27
      },
      {
        "date": "2023-12-04",
        "score": 0
      },
      {
        "date": "2023-12-05",
        "score": 70
      },
      {
        "date": "2023-12-06",
        "score": 0
      },
      {
        "date": "2023-12-07",
        "score": 25
      },
      {
        "date": "2023-12-08",
        "score": 24
      },
      {
        "date": "2023-12-09",
        "score": 22
      },
      {
        "date": "2023-12-10",
        "score": 28
      },
      {
        "date": "2023-12-11",
        "score": 37
      },
      {
        "date": "2023-12-12",
        "score": 0
      },
      {
        "date": "2023-12-13",
        "score": 40
      },
      {
        "date": "2023-12-14",
        "score": 43
      },
      {
        "date": "2023-12-15",
        "score": 31
      },
      {
        "date": "2023-12-16",
        "score": 23
      },
      {
        "date": "2023-12-17",
        "score": 63
      },
      {
        "date": "2023-12-18",
        "score": 0
      },
      {
        "date": "2023-12-19",
        "score": 24
      },
      {
        "date": "2023-12-20",
        "score": 38
      },
      {
        "date": "2023-12-21",
        "score": 0
      },
      {
        "date": "2023-12-22",
        "score": 74
      },
      {
        "date": "2023-12-23",
        "score": 0
      },
      {
        "date": "2023-12-24",
        "score": 0
      },
      {
        "date": "2023-12-25",
        "score": 75
      },
      {
        "date": "2023-12-26",
        "score": 0
      },
      {
        "date": "2023-12-27",
        "score": 50
      },
      {
        "date": "2023-12-28",
        "score": 0
      },
      {
        "date": "2023-12-29",
        "score": 0
      },
      {
        "date": "2023-12-30",
        "score": 100
      },
      {
        "date": "2023-12-31",
        "score": 0
      },
      {
        "date": "2024-01-01",
        "score": 0
      },
      {
        "date": "2024-01-02",
        "score": 24
      },
      {
        "date": "2024-01-03",
        "score": 42
      },
      {
        "date": "2024-01-04",
        "score": 64
      },
      {
        "date": "2024-01-05",
        "score": 31
      },
      {
        "date": "2024-01-06",
        "score": 40
      },
      {
        "date": "2024-01-07",
        "score": 0
      },
      {
        "date": "2024-01-08",
        "score": 48
      },
      {
        "date": "2024-01-09",
        "score": 0
      },
      {
        "date": "2024-01-10",
        "score": 0
      },
      {
        "date": "2024-01-11",
        "score": 20
      },
      {
        "date": "2024-01-12",
        "score": 0
      },
      {
        "date": "2024-01-13",
        "score": 60
      },
      {
        "date": "2024-01-14",
        "score": 34
      },
      {
        "date": "2024-01-15",
        "score": 0
      },
      {
        "date": "2024-01-16",
        "score": 0
      },
      {
        "date": "2024-01-17",
        "score": 38
      },
      {
        "date": "2024-01-18",
        "score": 0
      },
      {
        "date": "2024-01-19",
        "score": 0
      },
      {
        "date": "2024-01-20",
        "score": 0
      },
      {
        "date": "2024-01-21",
        "score": 27
      },
      {
        "date": "2024-01-22",
        "score": 0
      },
      {
        "date": "2024-01-23",
        "score": 0
      },
      {
        "date": "2024-01-24",
        "score": 0
      },
      {
        "date": "2024-01-25",
        "score": 26
      },
      {
        "date": "2024-01-26",
        "score": 0
      },
      {
        "date": "2024-01-27",
        "score": 0
      },
      {
        "date": "2024-01-28",
        "score": 28
      },
      {
        "date": "2024-01-29",
        "score": 0
      },
      {
        "date": "2024-01-30",
        "score": 0
      },
      {
        "date": "2024-01-31",
        "score": 0
      },
      {
        "date": "2024-02-01",
        "score": 0
      },
      {
        "date": "2024-02-02",
        "score": 0
      },
      {
        "date": "2024-02-03",
        "score": 56
      },
      {
        "date": "2024-02-04",
        "score": 0
      },
      {
        "date": "2024-02-05",
        "score": 58
      },
      {
        "date": "2024-02-06",
        "score": 0
      },
      {
        "date": "2024-02-07",
        "score": 25
      },
      {
        "date": "2024-02-08",
        "score": 0
      },
      {
        "date": "2024-02-09",
        "score": 0
      },
      {
        "date": "2024-02-10",
        "score": 31
      },
      {
        "date": "2024-02-11",
        "score": 0
      },
      {
        "date": "2024-02-12",
        "score": 0
      },
      {
        "date": "2024-02-13",
        "score": 0
      },
      {
        "date": "2024-02-14",
        "score": 0
      },
      {
        "date": "2024-02-15",
        "score": 0
      },
      {
        "date": "2024-02-16",
        "score": 42
      }
    ],
    "today 5-y": [
      {
        "date": "2019-02-24",
        "score": 11
      },
      {
        "date": "2019-03-03",
        "score": 0
      },
      {
        "date": "2019-03-10",
        "score": 0
      },
      {
        "date": "2019-03-17",
        "score": 21
      },
      {
        "date": "2019-03-24",
        "score": 9
      },
      {
        "date": "2019-03-31",
        "score": 10
      },
      {
        "date": "2019-04-07",
        "score": 0
      },
      {
        "date": "2019-04-14",
        "score": 16
      },
      {
        "date": "2019-04-21",
        "score": 64
      },
      {
        "date": "2019-04-28",
        "score": 9
      },
      {
        "date": "2019-05-05",
        "score": 16
      },
      {
        "date": "2019-05-12",
        "score": 11
      },
      {
        "date": "2019-05-19",
        "score": 0
      },
      {
        "date": "2019-05-26",
        "score": 24
      },
      {
        "date": "2019-06-02",
        "score": 21
      },
      {
        "date": "2019-06-09",
        "score": 0
      },
      {
        "date": "2019-06-16",
        "score": 31
      },
      {
        "date": "2019-06-23",
        "score": 0
      },
      {
        "date": "2019-06-30",
        "score": 12
      },
      {
        "date": "2019-07-07",
        "score": 38
      },
      {
        "date": "2019-07-14",
        "score": 0
      },
      {
        "date": "2019-07-21",
        "score": 15
      },
      {
        "date": "2019-07-28",
        "score": 13
      },
      {
        "date": "2019-08-04",
        "score": 0
      },
      {
        "date": "2019-08-11",
        "score": 20
      },
      {
        "date": "2019-08-18",
        "score": 24
      },
      {
        "date": "2019-08-25",
        "score": 42
      },
      {
        "date": "2019-09-01",
        "score": 15
      },
      {
        "date": "2019-09-08",
        "score": 0
      },
      {
        "date": "2019-09-15",
        "score": 51
      },
      {
        "date": "2019-09-22",
        "score": 29
      },
      {
        "date": "2019-09-29",
        "score": 23
      },
      {
        "date": "2019-10-06",
        "score": 29
      },
      {
        "date": "2019-10-13",
        "score": 23
      },
      {
        "date": "2019-10-20",
        "score": 29
      },
      {
        "date": "2019-10-27",
        "score": 25
      },
      {
        "date": "2019-11-03",
        "score": 0
      },
      {
        "date": "2019-11-10",
        "score": 0
      },
      {
        "date": "2019-11-17",
        "score": 0
      },
      {
        "date": "2019-11-24",
        "score": 27
      },
      {
        "date": "2019-12-01",
        "score": 36
      },
      {
        "date": "2019-12-08",
        "score": 15
      },
      {
        "date": "2019-12-15",
        "score": 13
      },
      {
        "date": "2019-12-22",
        "score": 26
      },
      {
        "date": "2019-12-29",
        "score": 35
      },
      {
        "date": "2020-01-05",
        "score": 30
      },
      {
        "date": "2020-01-12",
        "score": 21
      },
      {
        "date": "2020-01-19",
        "score": 56
      },
      {
        "date": "2020-01-26",
        "score": 36
      },
      {
        "date": "2020-02-02",
        "score": 24
      },
      {
        "date": "2020-02-09",
        "score": 0
      },
      {
        "date": "2020-02-16",
        "score": 12
      },
      {
        "date": "2020-02-23",
        "score": 13
      },
      {
        "date": "2020-03-01",
        "score": 30
      },
      {
        "date": "2020-03-08",
        "score": 17
      },
      {
        "date": "2020-03-15",
        "score": 34
      },
      {
        "date": "2020-03-22",
        "score": 19
      },
      {
        "date": "2020-03-29",
        "score": 40
      },
      {
        "date": "2020-04-05",
        "score": 49
      },
      {
        "date": "2020-04-12",
        "score": 35
      },
      {
        "date": "2020-04-19",
        "score": 41
      },
      {
        "date": "2020-04-26",
        "score": 57
      },
      {
        "date": "2020-05-03",
        "score": 16
      },
      {
        "date": "2020-05-10",
        "score": 100
      },
      {
        "date": "2020-05-17",
        "score": 82
      },
      {
        "date": "2020-05-24",
        "score": 62
      },
      {
        "date": "2020-05-31",
        "score": 36
      },
      {
        "date": "2020-06-07",
        "score": 38
      },
      {
        "date": "2020-06-14",
        "score": 47
      },
      {
        "date": "2020-06-21",
        "score": 61
      },
      {
        "date": "2020-06-28",
        "score": 53
      },
      {
        "date": "2020-07-05",
        "score": 56
      },
      {
        "date": "2020-07-12",
        "score": 22
      },
      {
        "date": "2020-07-19",
        "score": 24
      },
      {
        "date": "2020-07-26",
        "score": 38
      },
      {
        "date": "2020-08-02",
        "score": 28
      },
      {
        "date": "2020-08-09",
        "score": 43
      },
      {
        "date": "2020-08-16",
        "score": 44
      },
      {
        "date": "2020-08-23",
        "score": 43
      },
      {
        "date": "2020-08-30",
        "score": 87
      },
      {
        "date": "2020-09-06",
        "score": 48
      },
      {
        "date": "2020-09-13",
        "score": 55
      },
      {
        "date": "2020-09-20",
        "score": 52
      },
      {
        "date": "2020-09-27",
        "score": 57
      },
      {
        "date": "2020-10-04",
        "score": 47
      },
      {
        "date": "2020-10-11",
        "score": 49
      },
      {
        "date": "2020-10-18",
        "score": 25
      },
      {
        "date": "2020-10-25",
        "score": 29
      },
      {
        "date": "2020-11-01",
        "score": 23
      },
      {
        "date": "2020-11-08",
        "score": 30
      },
      {
        "date": "2020-11-15",
        "score": 31
      },
      {
        "date": "2020-11-22",
        "score": 61
      },
      {
        "date": "2020-11-29",
        "score": 45
      },
      {
        "date": "2020-12-06",
        "score": 58
      },
      {
        "date": "2020-12-13",
        "score": 40
      },
      {
        "date": "2020-12-20",
        "score": 44
      },
      {
        "date": "2020-12-27",
        "score": 36
      },
      {
        "date": "2021-01-03",
        "score": 46
      },
      {
        "date": "2021-01-10",
        "score": 32
      },
      {
        "date": "2021-01-17",
        "score": 26
      },
      {
        "date": "2021-01-24",
        "score": 39
      },
      {
        "date": "2021-01-31",
        "score": 56
      },
      {
        "date": "2021-02-07",
        "score": 55
      },
      {
        "date": "2021-02-14",
        "score": 33
      },
      {
        "date": "2021-02-21",
        "score": 29
      },
      {
        "date": "2021-02-28",
        "score": 58
      },
      {
        "date": "2021-03-07",
        "score": 29
      },
      {
        "date": "2021-03-14",
        "score": 26
      },
      {
        "date": "2021-03-21",
        "score": 30
      },
      {
        "date": "2021-03-28",
        "score": 41
      },
      {
        "date": "2021-04-04",
        "score": 0
      },
      {
        "date": "2021-04-11",
        "score": 30
      },
      {
        "date": "2021-04-18",
        "score": 45
      },
      {
        "date": "2021-04-25",
        "score": 33
      },
      {
        "date": "2021-05-02",
        "score": 48
      },
      {
        "date": "2021-05-09",
        "score": 49
      },
      {
        "date": "2021-05-16",
        "score": 55
      },
      {
        "date": "2021-05-23",
        "score": 66
      },
      {
        "date": "2021-05-30",
        "score": 41
      },
      {
        "date": "2021-06-06",
        "score": 64
      },
      {
        "date": "2021-06-13",
        "score": 65
      },
      {
        "date": "2021-06-20",
        "score": 54
      },
      {
        "date": "2021-06-27",
        "score": 49
      },
      {
        "date": "2021-07-04",
        "score": 35
      },
      {
        "date": "2021-07-11",
        "score": 43
      },
      {
        "date": "2021-07-18",
        "score": 20
      },
      {
        "date": "2021-07-25",
        "score": 36
      },
      {
        "date": "2021-08-01",
        "score": 27
      },
      {
        "date": "2021-08-08",
        "score": 26
      },
      {
        "date": "2021-08-15",
        "score": 35
      },
      {
        "date": "2021-08-22",
        "score": 31
      },
      {
        "date": "2021-08-29",
        "score": 54
      },
      {
        "date": "2021-09-05",
        "score": 31
      },
      {
        "date": "2021-09-12",
        "score": 0
      },
      {
        "date": "2021-09-19",
        "score": 30
      },
      {
        "date": "2021-09-26",
        "score": 41
      },
      {
        "date": "2021-10-03",
        "score": 52
      },
      {
        "date": "2021-10-10",
        "score": 37
      },
      {
        "date": "2021-10-17",
        "score": 46
      },
      {
        "date": "2021-10-24",
        "score": 46
      },
      {
        "date": "2021-10-31",
        "score": 51
      },
      {
        "date": "2021-11-07",
        "score": 16
      },
      {
        "date": "2021-11-14",
        "score": 0
      },
      {
        "date": "2021-11-21",
        "score": 13
      },
      {
        "date": "2021-11-28",
        "score": 0
      },
      {
        "date": "2021-12-05",
        "score": 24
      },
      {
        "date": "2021-12-12",
        "score": 32
      },
      {
        "date": "2021-12-19",
        "score": 37
      },
      {
        "date": "2021-12-26",
        "score": 38
      },
      {
        "date": "2022-01-02",
        "score": 47
      },
      {
        "date": "2022-01-09",
        "score": 42
      },
      {
        "date": "2022-01-16",
        "score": 38
      },
      {
        "date": "2022-01-23",
        "score": 76
      },
      {
        "date": "2022-01-30",
        "score": 30
      },
      {
        "date": "2022-02-06",
        "score": 43
      },
      {
        "date": "2022-02-13",
        "score": 35
      },
      {
        "date": "2022-02-20",
        "score": 45
      },
      {
        "date": "2022-02-27",
        "score": 26
      },
      {
        "date": "2022-03-06",
        "score": 59
      },
      {
        "date": "2022-03-13",
        "score": 46
      },
      {
        "date": "2022-03-20",
        "score": 20
      },
      {
        "date": "2022-03-27",
        "score": 38
      },
      {
        "date": "2022-04-03",
        "score": 38
      },
      {
        "date": "2022-04-10",
        "score": 28
      },
      {
        "date": "2022-04-17",
        "score": 29
      },
      {
        "date": "2022-04-24",
        "score": 58
      },
      {
        "date": "2022-05-01",
        "score": 39
      },
      {
        "date": "2022-05-08",
        "score": 39
      },
      {
        "date": "2022-05-15",
        "score": 34
      },
      {
        "date": "2022-05-22",
        "score": 49
      },
      {
        "date": "2022-05-29",
        "score": 35
      },
      {
        "date": "2022-06-05",
        "score": 33
      },
      {
        "date": "2022-06-12",
        "score": 34
      },
      {
        "date": "2022-06-19",
        "score": 28
      },
      {
        "date": "2022-06-26",
        "score": 49
      },
      {
        "date": "2022-07-03",
        "score": 49
      },
      {
        "date": "2022-07-10",
        "score": 76
      },
      {
        "date": "2022-07-17",
        "score": 46
      },
      {
        "date": "2022-07-24",
        "score": 29
      },
      {
        "date": "2022-07-31",
        "score": 30
      },
      {
        "date": "2022-08-07",
        "score": 31
      },
      {
        "date": "2022-08-14",
        "score": 40
      },
      {
        "date": "2022-08-21",
        "score": 49
      },
      {
        "date": "2022-08-28",
        "score": 38
      },
      {
        "date": "2022-09-04",
        "score": 60
      },
      {
        "date": "2022-09-11",
        "score": 29
      },
      {
        "date": "2022-09-18",
        "score": 12
      },
      {
        "date": "2022-09-25",
        "score": 45
      },
      {
        "date": "2022-10-02",
        "score": 40
      },
      {
        "date": "2022-10-09",
        "score": 19
      },
      {
        "date": "2022-10-16",
        "score": 41
      },
      {
        "date": "2022-10-23",
        "score": 34
      },
      {
        "date": "2022-10-30",
        "score": 51
      },
      {
        "date": "2022-11-06",
        "score": 35
      },
      {
        "date": "2022-11-13",
        "score": 32
      },
      {
        "date": "2022-11-20",
        "score": 15
      },
      {
        "date": "2022-11-27",
        "score": 33
      },
      {
        "date": "2022-12-04",
        "score": 19
      },
      {
        "date": "2022-12-11",
        "score": 16
      },
      {
        "date": "2022-12-18",
        "score": 32
      },
      {
        "date": "2022-12-25",
        "score": 33
      },
      {
        "date": "2023-01-01",
        "score": 44
      },
      {
        "date": "2023-01-08",
        "score": 31
      },
      {
        "date": "2023-01-15",
        "score": 50
      },
      {
        "date": "2023-01-22",
        "score": 38
      },
      {
        "date": "2023-01-29",
        "score": 53
      },
      {
        "date": "2023-02-05",
        "score": 22
      },
      {
        "date": "2023-02-12",
        "score": 36
      },
      {
        "date": "2023-02-19",
        "score": 53
      },
      {
        "date": "2023-02-26",
        "score": 51
      },
      {
        "date": "2023-03-05",
        "score": 47
      },
      {
        "date": "2023-03-12",
        "score": 46
      },
      {
        "date": "2023-03-19",
        "score": 39
      },
      {
        "date": "2023-03-26",
        "score": 43
      },
      {
        "date": "2023-04-02",
        "score": 51
      },
      {
        "date": "2023-04-09",
        "score": 40
      },
      {
        "date": "2023-04-16",
        "score": 51
      },
      {
        "date": "2023-04-23",
        "score": 35
      },
      {
        "date": "2023-04-30",
        "score": 65
      },
      {
        "date": "2023-05-07",
        "score": 34
      },
      {
        "date": "2023-05-14",
        "score": 52
      },
      {
        "date": "2023-05-21",
        "score": 44
      },
      {
        "date": "2023-05-28",
        "score": 37
      },
      {
        "date": "2023-06-04",
        "score": 44
      },
      {
        "date": "2023-06-11",
        "score": 53
      },
      {
        "date": "2023-06-18",
        "score": 63
      },
      {
        "date": "2023-06-25",
        "score": 56
      },
      {
        "date": "2023-07-02",
        "score": 52
      },
      {
        "date": "2023-07-09",
        "score": 25
      },
      {
        "date": "2023-07-16",
        "score": 32
      },
      {
        "date": "2023-07-23",
        "score": 72
      },
      {
        "date": "2023-07-30",
        "score": 57
      },
      {
        "date": "2023-08-06",
        "score": 21
      },
      {
        "date": "2023-08-13",
        "score": 40
      },
      {
        "date": "2023-08-20",
        "score": 40
      },
      {
        "date": "2023-08-27",
        "score": 21
      },
      {
        "date": "2023-09-03",
        "score": 80
      },
      {
        "date": "2023-09-10",
        "score": 17
      },
      {
        "date": "2023-09-17",
        "score": 63
      },
      {
        "date": "2023-09-24",
        "score": 49
      },
      {
        "date": "2023-10-01",
        "score": 65
      },
      {
        "date": "2023-10-08",
        "score": 61
      },
      {
        "date": "2023-10-15",
        "score": 48
      },
      {
        "date": "2023-10-22",
        "score": 43
      },
      {
        "date": "2023-10-29",
        "score": 41
      },
      {
        "date": "2023-11-05",
        "score": 64
      },
      {
        "date": "2023-11-12",
        "score": 62
      },
      {
        "date": "2023-11-19",
        "score": 80
      },
      {
        "date": "2023-11-26",
        "score": 62
      },
      {
        "date": "2023-12-03",
        "score": 33
      },
      {
        "date": "2023-12-10",
        "score": 66
      },
      {
        "date": "2023-12-17",
        "score": 84
      },
      {
        "date": "2023-12-24",
        "score": 95
      },
      {
        "date": "2023-12-31",
        "score": 76
      },
      {
        "date": "2024-01-07",
        "score": 48
      },
      {
        "date": "2024-01-14",
        "score": 30
      },
      {
        "date": "2024-01-21",
        "score": 38
      },
      {
        "date": "2024-01-28",
        "score": 63
      },
      {
        "date": "2024-02-04",
        "score": 46
      },
      {
        "date": "2024-02-11",
        "score": 52
      }
    ]
  }
}
